Detected by,Characters,Themes,Scenes
Both,0.377127127,0.106286164,0.822109989
SparkNotes Only,0.015873016,0.009009009,0.128507295
Story Ribbons Only,0.606999857,0.884704827,0.049382716